arch,mask_variant,split,threshold,n_total,n_malignant,n_benign,tp,fp,tn,fn,metric,numerator,denominator,denominator_n,estimate,wilson_lo,wilson_hi,delong_lo,delong_hi,delong_logit_lo,delong_logit_hi,delong_se,boot_lo,boot_hi,whole_cohort_wilson_lo,whole_cohort_wilson_hi
efficientnet_b0,gt,train,0.5483,600,352,248,231,39,209,121,AUC,,352 malignant vs 248 benign,,0.8326670179618769,,,0.8007378545613673,0.8645961813623866,0.7982657462788082,0.8622144918290733,0.01629068883528618,0.8014989232038123,0.8622558593749999,,
efficientnet_b0,gt,train,0.5483,600,352,248,231,39,209,121,AUPRC,,352 malignant vs 248 benign,,0.879800134298868,,,,,,,,0.8535916197515858,0.9039096572358017,,
efficientnet_b0,gt,train,0.5483,600,352,248,231,39,209,121,accuracy,440.0,all cases,600.0,0.7333333333333333,0.6965463953009372,0.7671514775593358,,,,,,0.7,0.7666666666666667,0.6965463953009372,0.7671514775593358
efficientnet_b0,gt,train,0.5483,600,352,248,231,39,209,121,sensitivity,231.0,malignant cases,352.0,0.65625,0.6051856828891574,0.7039407476413228,,,,,,0.6079545454545454,0.7017755681818177,0.6173600958558912,0.6931518725773272
efficientnet_b0,gt,train,0.5483,600,352,248,231,39,209,121,specificity,209.0,benign cases,248.0,0.842741935483871,0.7922497609042949,0.8827780950971131,,,,,,0.8023185483870967,0.8870967741935484,0.811443520490552,0.869679507040379
efficientnet_b0,gt,train,0.5483,600,352,248,231,39,209,121,ppv,231.0,test-positive cases,270.0,0.8555555555555555,0.8086337382551874,0.8925018780494194,,,,,,0.8210087693826587,0.8921961681441235,0.8251636165960823,0.8814236182386195
efficientnet_b0,gt,train,0.5483,600,352,248,231,39,209,121,npv,209.0,test-negative cases,330.0,0.6333333333333333,0.5800835506076417,0.6835146265356732,,,,,,0.5988534517225295,0.668769716088328,0.594039718833861,0.6709304942291522
efficientnet_b0,gt,internal_val,0.5483,257,155,102,120,6,96,35,AUC,,155 malignant vs 102 benign,,0.9454142947501583,,,0.919349167322927,0.9714794221773895,0.9126773734962846,0.9663310216781036,0.01329877876982923,0.9170777988614801,0.9691366223908918,,
efficientnet_b0,gt,internal_val,0.5483,257,155,102,120,6,96,35,AUPRC,,155 malignant vs 102 benign,,0.9646030967973609,,,,,,,,0.9457426686388696,0.9808076994742252,,
efficientnet_b0,gt,internal_val,0.5483,257,155,102,120,6,96,35,accuracy,216.0,all cases,257.0,0.8404669260700389,0.7907337414613915,0.8801718760397639,,,,,,0.7975680933852141,0.8832684824902723,0.7907337414613915,0.8801718760397639
efficientnet_b0,gt,internal_val,0.5483,257,155,102,120,6,96,35,sensitivity,120.0,malignant cases,155.0,0.7741935483870968,0.7022033100831999,0.8329214654702091,,,,,,0.7032258064516129,0.8387096774193549,0.7192547566112419,0.8210561452989051
efficientnet_b0,gt,internal_val,0.5483,257,155,102,120,6,96,35,specificity,96.0,benign cases,102.0,0.9411764705882353,0.8775640550984952,0.9727643606546253,,,,,,0.8921568627450981,0.9803921568627451,0.9053950560861416,0.9639633154993893
efficientnet_b0,gt,internal_val,0.5483,257,155,102,120,6,96,35,ppv,120.0,test-positive cases,126.0,0.9523809523809523,0.8999983205231048,0.9779955116120489,,,,,,0.9152410984101957,0.9840031746031745,0.9190299808181414,0.9724073335378155
efficientnet_b0,gt,internal_val,0.5483,257,155,102,120,6,96,35,npv,96.0,test-negative cases,131.0,0.732824427480916,0.651212375133185,0.8011707460040237,,,,,,0.676056338028169,0.792,0.6755882169437696,0.7832029440405538
efficientnet_b0,gt,external_test1,0.5483,108,62,46,52,7,39,10,AUC,,62 malignant vs 46 benign,,0.902524544179523,,,0.8446725872182518,0.9603765011407942,0.8274972086714766,0.9470095883329424,0.029516846951066503,0.8418653576437588,0.9547685834502104,,
efficientnet_b0,gt,external_test1,0.5483,108,62,46,52,7,39,10,AUPRC,,62 malignant vs 46 benign,,0.9278879926176296,,,,,,,,0.8799356539877291,0.9668781424393122,,
efficientnet_b0,gt,external_test1,0.5483,108,62,46,52,7,39,10,accuracy,91.0,all cases,108.0,0.8425925925925926,0.7623129098457861,0.899337973290832,,,,,,0.7777777777777778,0.9074074074074074,0.7623129098457861,0.899337973290832
efficientnet_b0,gt,external_test1,0.5483,108,62,46,52,7,39,10,sensitivity,52.0,malignant cases,62.0,0.8387096774193549,0.7279366398602256,0.9099593112969091,,,,,,0.7419354838709677,0.9193548387096774,0.7579259852969256,0.8962258032618584
efficientnet_b0,gt,external_test1,0.5483,108,62,46,52,7,39,10,specificity,39.0,benign cases,46.0,0.8478260869565217,0.71775860447939,0.9242771777219454,,,,,,0.7391304347826086,0.9347826086956522,0.7682469208545348,0.9035114375826427
efficientnet_b0,gt,external_test1,0.5483,108,62,46,52,7,39,10,ppv,52.0,test-positive cases,59.0,0.8813559322033898,0.7747635960001831,0.9413241722420971,,,,,,0.8064516129032258,0.951632104454685,0.8069124745559585,0.9296022510610743
efficientnet_b0,gt,external_test1,0.5483,108,62,46,52,7,39,10,npv,39.0,test-negative cases,49.0,0.7959183673469388,0.6636299908048744,0.8851815039421786,,,,,,0.7068965517241379,0.8913043478260869,0.71037246817943,0.8611362372766892
efficientnet_b0,gt,external_test2,0.5483,94,67,27,55,6,21,12,AUC,,67 malignant vs 27 benign,,0.8529574350469871,,,0.772485506556605,0.9334293635373692,0.7533153858170974,0.9167969309079725,0.04105786082047143,0.7606274184632393,0.9275843007186291,,
efficientnet_b0,gt,external_test2,0.5483,94,67,27,55,6,21,12,AUPRC,,67 malignant vs 27 benign,,0.9370456192555977,,,,,,,,0.8901600755390734,0.9727619153571001,,
efficientnet_b0,gt,external_test2,0.5483,94,67,27,55,6,21,12,accuracy,76.0,all cases,94.0,0.8085106382978723,0.7174971706384233,0.8752985695221128,,,,,,0.723404255319149,0.8829787234042553,0.7174971706384233,0.8752985695221128
efficientnet_b0,gt,external_test2,0.5483,94,67,27,55,6,21,12,sensitivity,55.0,malignant cases,67.0,0.8208955223880597,0.7125251075208199,0.8944640866011804,,,,,,0.7309701492537314,0.9104477611940298,0.7312816685021885,0.8853113273107008
efficientnet_b0,gt,external_test2,0.5483,94,67,27,55,6,21,12,specificity,21.0,benign cases,27.0,0.7777777777777778,0.5924307113336742,0.8939276054763996,,,,,,0.5925925925925926,0.9259259259259259,0.6837754265511686,0.8499678643979731
efficientnet_b0,gt,external_test2,0.5483,94,67,27,55,6,21,12,ppv,55.0,test-positive cases,61.0,0.9016393442622951,0.8015539278317405,0.9541354241845295,,,,,,0.835820895522388,0.9649122807017544,0.8247910403166839,0.9469492590556817
efficientnet_b0,gt,external_test2,0.5483,94,67,27,55,6,21,12,npv,21.0,test-negative cases,33.0,0.6363636363636364,0.466161783022664,0.7781282176475764,,,,,,0.5135135135135135,0.7777777777777778,0.5355419024196654,0.7264775313190043
efficientnet_b0,model,train,0.5,600,352,248,247,70,178,105,AUC,,352 malignant vs 248 benign,,0.7974191257331378,,,0.7625162568395719,0.8323219946267036,0.7602736564890544,0.830095192881366,0.017807913394774232,0.762346785648827,0.8293418369684751,,
efficientnet_b0,model,train,0.5,600,352,248,247,70,178,105,AUPRC,,352 malignant vs 248 benign,,0.8547835439411653,,,,,,,,0.8262701624233784,0.881083817251208,,
efficientnet_b0,model,train,0.5,600,352,248,247,70,178,105,accuracy,425.0,all cases,600.0,0.7083333333333334,0.6707303505563436,0.7432856073546146,,,,,,0.6716666666666666,0.7433333333333333,0.6707303505563436,0.7432856073546146
efficientnet_b0,model,train,0.5,600,352,248,247,70,178,105,sensitivity,247.0,malignant cases,352.0,0.7017045454545454,0.6519414710613197,0.7471126483507545,,,,,,0.6534090909090909,0.7471590909090909,0.6639076959616759,0.7369350269248425
efficientnet_b0,model,train,0.5,600,352,248,247,70,178,105,specificity,178.0,benign cases,248.0,0.717741935483871,0.6587321027893007,0.7701091233762996,,,,,,0.6612903225806451,0.7741935483870968,0.6804300517759849,0.7522834010083712
efficientnet_b0,model,train,0.5,600,352,248,247,70,178,105,ppv,247.0,test-positive cases,317.0,0.7791798107255521,0.7303262464952637,0.8213480933814866,,,,,,0.7448649529294691,0.8155403679100663,0.7442715931574353,0.8105359113238739
efficientnet_b0,model,train,0.5,600,352,248,247,70,178,105,npv,178.0,test-negative cases,283.0,0.6289752650176679,0.5713169989941356,0.6831789873954492,,,,,,0.5874112875971612,0.6691456801855942,0.589615510166446,0.6666940157204793
efficientnet_b0,model,internal_val,0.5,257,155,102,131,8,94,24,AUC,,155 malignant vs 102 benign,,0.9397216951296647,,,0.9115585504200253,0.9678848398393042,0.904600774476841,0.9624496757662787,0.01436921542017442,0.9098655913978495,0.9651533839342189,,
efficientnet_b0,model,internal_val,0.5,257,155,102,131,8,94,24,AUPRC,,155 malignant vs 102 benign,,0.9647202105134444,,,,,,,,0.9472644101137793,0.9793544552878717,,
efficientnet_b0,model,internal_val,0.5,257,155,102,131,8,94,24,accuracy,225.0,all cases,257.0,0.8754863813229572,0.829509168659479,0.9104038837846525,,,,,,0.8326848249027238,0.914396887159533,0.829509168659479,0.9104038837846525
efficientnet_b0,model,internal_val,0.5,257,155,102,131,8,94,24,sensitivity,131.0,malignant cases,155.0,0.8451612903225807,0.7799410071816497,0.8936866514561712,,,,,,0.7870967741935484,0.896774193548387,0.7958842340757158,0.8842718424464694
efficientnet_b0,model,internal_val,0.5,257,155,102,131,8,94,24,specificity,94.0,benign cases,102.0,0.9215686274509803,0.8528127275871086,0.95972331413254,,,,,,0.8627450980392157,0.9705882352941176,0.8821482969846755,0.9485719247526094
efficientnet_b0,model,internal_val,0.5,257,155,102,131,8,94,24,ppv,131.0,test-positive cases,139.0,0.9424460431654677,0.890543439626562,0.970551098440284,,,,,,0.9057873090481786,0.9774436090225563,0.9069251946949831,0.9649349276001463
efficientnet_b0,model,internal_val,0.5,257,155,102,131,8,94,24,npv,94.0,test-negative cases,118.0,0.7966101694915254,0.7151769904138203,0.8593400966067339,,,,,,0.7364232558139535,0.8558558558558559,0.7431989530778217,0.8412849238638628
efficientnet_b0,model,external_test1,0.5,108,62,46,53,8,38,9,AUC,,62 malignant vs 46 benign,,0.8846423562412341,,,0.8203578005527477,0.9489269119297206,0.8033264366582493,0.9350557266130329,0.03279884538468809,0.8151998597475455,0.9421458625525946,,
efficientnet_b0,model,external_test1,0.5,108,62,46,53,8,38,9,AUPRC,,62 malignant vs 46 benign,,0.9097017764655515,,,,,,,,0.8564603384414458,0.9562937734310532,,
efficientnet_b0,model,external_test1,0.5,108,62,46,53,8,38,9,accuracy,91.0,all cases,108.0,0.8425925925925926,0.7623129098457861,0.899337973290832,,,,,,0.7685185185185185,0.9074074074074074,0.7623129098457861,0.899337973290832
efficientnet_b0,model,external_test1,0.5,108,62,46,53,8,38,9,sensitivity,53.0,malignant cases,62.0,0.8548387096774194,0.7465660628844542,0.9217058859468299,,,,,,0.7580645161290323,0.9354838709677419,0.7762379248568624,0.9090639488713875
efficientnet_b0,model,external_test1,0.5,108,62,46,53,8,38,9,specificity,38.0,benign cases,46.0,0.8260869565217391,0.692766462836215,0.9091420829775368,,,,,,0.6956521739130435,0.9347826086956522,0.7437527907341902,0.8860206703006638
efficientnet_b0,model,external_test1,0.5,108,62,46,53,8,38,9,ppv,53.0,test-positive cases,61.0,0.8688524590163934,0.7619811980700654,0.932019227250999,,,,,,0.7936507936507936,0.9464285714285714,0.7923529932504657,0.9200137085758445
efficientnet_b0,model,external_test1,0.5,108,62,46,53,8,38,9,npv,38.0,test-negative cases,47.0,0.8085106382978723,0.6745599542033822,0.8958406730145774,,,,,,0.7169811320754716,0.9090909090909091,0.7242256782202994,0.8716025466169313
efficientnet_b0,model,external_test2,0.5,94,67,27,53,7,20,14,AUC,,67 malignant vs 27 benign,,0.8518518518518519,,,0.7736991273911796,0.9300045763125241,0.755824958568356,0.9143915789141457,0.03987457171515953,0.763391376451078,0.9259259259259258,,
efficientnet_b0,model,external_test2,0.5,94,67,27,53,7,20,14,AUPRC,,67 malignant vs 27 benign,,0.9392311999749495,,,,,,,,0.898920956772011,0.9717165864840829,,
efficientnet_b0,model,external_test2,0.5,94,67,27,53,7,20,14,accuracy,73.0,all cases,94.0,0.776595744680851,0.6824912052295027,0.848980837673047,,,,,,0.6914893617021277,0.8617021276595744,0.6824912052295027,0.848980837673047
efficientnet_b0,model,external_test2,0.5,94,67,27,53,7,20,14,sensitivity,53.0,malignant cases,67.0,0.7910447761194029,0.6792819349311752,0.8712431481097087,,,,,,0.6865671641791045,0.8805970149253731,0.6982524001692579,0.8609831076610369
efficientnet_b0,model,external_test2,0.5,94,67,27,53,7,20,14,specificity,20.0,benign cases,27.0,0.7407407407407407,0.5532142868544692,0.8682962543809281,,,,,,0.5555555555555556,0.8888888888888888,0.6439424255602401,0.8186350932623495
efficientnet_b0,model,external_test2,0.5,94,67,27,53,7,20,14,ppv,53.0,test-positive cases,60.0,0.8833333333333333,0.7782121197582914,0.9423227935994396,,,,,,0.8135593220338984,0.9491525423728814,0.8029170424627923,0.9336486990470234
efficientnet_b0,model,external_test2,0.5,94,67,27,53,7,20,14,npv,20.0,test-negative cases,34.0,0.5882352941176471,0.42221593878812513,0.7363403163612884,,,,,,0.46875,0.7273601398601394,0.4871910422081759,0.6823509443286103
